{
  "Component.js.map": 1755667143705,
  "controller/View1.controller.js": 1755597671406,
  "model/models.js": 1755596348863,
  "controller/App.controller.js": 1755596348863,
  "manifest.json": 1755599790341,
  "Component.js": 1755596348851,
  "model/models-dbg.js": 1755596348863,
  "model/models.js.map": 1755667143703,
  "controller/View1-dbg.controller.js": 1755597671406,
  "controller/View1.controller.js.map": 1755667143727,
  "controller/App-dbg.controller.js": 1755596348863,
  "controller/App.controller.js.map": 1755667143713,
  "Component-dbg.js": 1755596348851,
  "i18n/i18n.properties": 1755599790341,
  "Component-preload.js": 1755667143816,
  "Component-preload.js.map": 1755667143816,
  "view/View1.view.xml": 1755597681614,
  "view/App.view.xml": 1755596348867,
  "css/style.css": 1755596348863,
  "index.html": 1755596348855
}