{
  "controller/View1.controller.js": 1755596108727,
  "Component.js": 1755595722780,
  "i18n/i18n.properties": 1755595722780,
  "controller/App.controller.js": 1755595722784,
  "manifest.json": 1755595953947,
  "model/models.js": 1755595722784,
  "Component-dbg.js": 1755595722780,
  "Component.js.map": 1755667138929,
  "controller/View1-dbg.controller.js": 1755596108727,
  "controller/View1.controller.js.map": 1755667138930,
  "controller/App-dbg.controller.js": 1755595722784,
  "controller/App.controller.js.map": 1755667138928,
  "model/models-dbg.js": 1755595722784,
  "model/models.js.map": 1755667138928,
  "Component-preload.js": 1755667139007,
  "Component-preload.js.map": 1755667139007,
  "view/View1.view.xml": 1755596117247,
  "view/App.view.xml": 1755595722788,
  "css/style.css": 1755595722788,
  "index.html": 1755595722780
}