{
  "model/models.js": 1755595029640,
  "i18n/i18n.properties": 1755599689777,
  "controller/View1.controller.js": 1755595494188,
  "controller/App.controller.js": 1755595029640,
  "manifest.json": 1755605187813,
  "Component.js": 1755595029632,
  "controller/View1-dbg.controller.js": 1755595494188,
  "controller/View1.controller.js.map": 1755667141242,
  "model/models-dbg.js": 1755595029640,
  "model/models.js.map": 1755667141251,
  "controller/App-dbg.controller.js": 1755595029640,
  "controller/App.controller.js.map": 1755667141236,
  "Component-dbg.js": 1755595029632,
  "Component.js.map": 1755667141247,
  "Component-preload.js": 1755667141332,
  "Component-preload.js.map": 1755667141332,
  "view/View1.view.xml": 1755595604160,
  "view/App.view.xml": 1755595029644,
  "css/style.css": 1755595029644,
  "index.html": 1755595029632
}